{
  "A":53.2,
  "B":45.2,
  "C":58.2,
  "D":78,
  "E":78.25,
  "F":45893.25,
  "G":784.2564,
  "H":748.23651,
  "I":9865.25696,
  "J":56.2546
}